id,submitted_by,comment,approved_at
1,266656768715784192,"",1623336055695
2,556305590998138910,"",1623339327274
3,123170274651668480,"Eu peguei alguns selfbots denunciados no avisos e peguei o avatar deles, pelo o que eu vi tem alguns usu√°rios em servidores que o Floppa est√° que possuem avatares que est√£o nesta lista",1623346117519
4,571869364874248195,"",1623351644881
5,123170274651668480,"servidor da lori e polisia morrendo com selfbots, veja mais em: https://canary.discord.com/channels/801560356795056168/801560357533122563/852632654272921660",1623354263646
6,361977144445763585,"S√£o avatar de selfbot rsrs",1623356974688
7,123170274651668480,"hmmm chero de selfbot queimad https://cdn.discordapp.com/attachments/801560357533122563/852658266068615258/unknown.png",1623361285680
8,123170274651668480,"https://cdn.discordapp.com/attachments/801560357533122563/852659117243629568/unknown.png https://cdn.discordapp.com/attachments/801560357533122563/852659207966163005/unknown.png",1623361292839
9,305722154480304128,"bot safad https://cdn.discordapp.com/attachments/801560357533122563/852678819051864064/unknown.png",1623365774790
10,123170274651668480,"tamb√©m √© um bot safad https://cdn.discordapp.com/attachments/801560357533122563/852679309792641114/unknown.png",1623366273066
11,305722154480304128,"tem ate bot natureza
https://cdn.discordapp.com/attachments/801560357533122563/852681604975165461/unknown.png
https://cdn.discordapp.com/attachments/801560357533122563/852682638464516096/unknown.png
https://cdn.discordapp.com/attachments/801560357533122563/852683126101770250/unknown.png
https://cdn.discordapp.com/attachments/801560357533122563/852683294147608607/unknown.png
https://cdn.discordapp.com/attachments/801560357533122563/852683348051886100/unknown.png
https://cdn.discordapp.com/attachments/801560357533122563/852683371938840586/unknown.png
https://cdn.discordapp.com/attachments/801560357533122563/852683631377252372/unknown.png
https://cdn.discordapp.com/attachments/801560357533122563/852683706665664512/unknown.png
https://cdn.discordapp.com/attachments/801560357533122563/852683882532569108/unknown.png
https://cdn.discordapp.com/attachments/801560357533122563/852683901784162364/unknown.png
https://cdn.discordapp.com/attachments/801560357533122563/852680098612379710/unknown.png",1623367489417
12,407894878304075787,"",1623369391711
13,266656768715784192,https://media.discordapp.net/attachments/746014602122231849/852707285444591616/unknown.png,1623372104915
14,182575852406571008,"Selfbots https://i.imgur.com/uHkDloG.png https://i.imgur.com/Z7w1pF6.png https://i.imgur.com/4Yhg9cu.png",1623373266085
15,305722154480304128,"o mesmo do de cima, pra blacklist de avatar",1623376835171
16,361977144445763585,"Provas: https://media.discordapp.net/attachments/801560357533122563/852726022868172820/Screenshot_20210610-224512.jpg",1623377056497
17,182575852406571008,"Selfbots danados  https://i.imgur.com/ha5bUlE.png https://i.imgur.com/eMSVSTA.png https://i.imgur.com/BIiVUhB.png",1623378561435
18,182575852406571008,"Mais uns a√≠  https://media.discordapp.net/attachments/541045059634855965/852699238352683017/Screenshot_20210610-210007.png https://gyazo.com/e64c1c5d31c498657c7ad34c0a2ac895",1623381512350
19,174950526700617729,"10 dias de conta - Criadas cada uma em sequ√™ncia(https://i.imgur.com/yzGEjdR.png).",1623381697683
20,556305590998138910,"compilado que o catatua tinha mandado no <#802326681774850048>",1623383524619
21,174950526700617729,"10 dias de conta - Criadas cada uma em sequ√™ncia(https://i.imgur.com/6vrgODo.png).",1623384365764
22,174950526700617729,"10 dias de conta - Criadas cada uma em sequ√™ncia(https://i.imgur.com/6vrgODo.png).",1623387993562
23,182575852406571008,"Tentaram entrar tudo agora de noite, maioria com a mesma foto. https://i.imgur.com/84HuBrP.png",1623406568888
24,182575852406571008,"Peguei os que mais apareceram no dali de cima‚òù https://i.imgur.com/axZT2pY.png",1623406584273
25,334146341871681536,https://cdn.discordapp.com/attachments/801560357533122563/852853651294388244/unknown.png,1623409369969
26,182575852406571008,"colocando os ids enviados pelo <@!712057904617750602> no <#802326681774850048>",1623411520393
27,226700538069254144,"Selfbots banidos recentemente no driscord",1623412846668
28,174950526700617729,"N√£o √© selfbot pois foi reclamar com o amigo nesto",1623436137222
29,407894878304075787,"selfbots com a mesma foto e nick (tem um com nitro tbm) https://media.discordapp.net/attachments/743232232847835266/852987641078611998/unknown.png?width=434&height=676 https://media.discordapp.net/attachments/743232232847835266/852987705768411206/unknown.png?width=380&height=675",1623439527539
30,123170274651668480,"Foram banidos por avatar hash, as tr√™s contas est√£o no servidor do Fortnite Brasil e na LOUD, ent√£o isso √© apenas uma precau√ß√£o para caso mudem o avatar: https://canary.discord.com/channels/801560356795056168/852513804133597204/852982424447090689",1623440395268
31,123170274651668480,"J√° est√° banida por hash e ainda tentou entrar em v√°rios servidores (e falhou, pois o Floppa baniu) ent√£o √© s√≥ para precau√ß√£o caso mude de avatar https://cdn.discordapp.com/attachments/852339604857421876/852994369664450600/unknown.png",1623441762586
32,174950526700617729,"SelfBot do Baile dos Selfs (https://i.imgur.com/2Edo0nv.png)",1623441772085
33,123170274651668480,"Mais outra conta que j√° foi banida por hash e falhou ent√£o √© s√≥ precau√ß√£o para caso mude de avatar https://cdn.discordapp.com/attachments/801560357533122563/853000266114007040/unknown.png",1623442426690
34,123170274651668480,"Mais outra conta que j√° foi banida por hash e falhou ent√£o √© s√≥ precau√ß√£o https://cdn.discordapp.com/attachments/801560357533122563/852998231422926858/unknown.png",1623442468589
35,852978005362343957,"",1623442697421
36,123170274651668480,"Enviando de novo pois o Floppa bugou: Mais outra conta que j√° foi banida por hash e falhou ent√£o √© s√≥ precau√ß√£o https://cdn.discordapp.com/attachments/801560357533122563/852998231422926858/unknown.png",1623444712530
37,227198444190695424,"IDs de Selfbots",1623446815356
38,187366610368069632,"Selfbot esquisita chata sururu https://i.imgur.com/LZ53LfA.png https://i.imgur.com/zQI2jLd.png",1623450393110
39,361233527125311499,"Safado divulgando servidor de webcornisse https://media.discordapp.net/attachments/715625316361437255/853041285459345408/unknown.png",1623452000466
40,174950526700617729,"Contas criadas a 11 dias e no mesmo hor√°rio (https://i.imgur.com/2tNNDDm.png / https://i.imgur.com/PHVN0On.png)",1623454951920
41,556305590998138910,"alguns selfbots a√≠",1623458083220
42,323292851184336896,"Selfbots com nitro, verifiquei o userinfo de cada uma e com certeza √© self <a:floppaTeeth:849638419885195324>",1623461754783
43,305722154480304128,"***AVERIGUEM A LISTA ANTES DE VOTAR, N√ÉO VOTE SEM LER***",1623468626653
44,174950526700617729,"Contas com 11 dias e criadas em sequ√™ncia (https://i.imgur.com/HQDfpC8.png / https://i.imgur.com/HXTEeLS.png)",1623469308251
45,556305590998138910,"Alguns selfbots ;)",1623473346333
46,305722154480304128,"Mano n√£o tem como n√£o ser, mesmo sendo conta de 2020
https://media.discordapp.net/attachments/801560357533122563/853141176265867264/unknown.png",1623477250577
47,556305590998138910,selfbots,1623513200671
48,214486492909666305,"nome e avatar gen√©ricos, conta criada muito recentemente e fez divdm no apartamento da lori https://cdn.discordapp.com/attachments/790308357713559582/853312943922872330/unknown.png",1623523476351
49,220211526529712128,"",1623524030492
50,227198444190695424,"Selfbots de hoje no server do CidCidoso",1623526853483
51,305722154480304128,https://cdn.discordapp.com/attachments/853367084449005588/853367158457368576/Screenshot_20210612-171545.jpg,1623530921381
52,852978005362343957,https://media.discordapp.net/attachments/702153429425848361/853366892907069470/Screenshot_20210612-171423_Discord.jpg,1623530925212
53,361233527125311499,"Selfbots do servidor Meus animes",1623534318382
54,324730195863011328,"Ids selfbot",1623591478522
55,305722154480304128,"mucho bot, olha a data de cria√ß√£o, todos sem avatar e entraram ao mesmo tempo",1623614544908
56,323292851184336896,"Selfbots denunciados hoje mais cedo la no Forever.",1623615267807
57,305722154480304128,https://cdn.discordapp.com/attachments/801560357533122563/853726353417306112/unknown.png,1623616518154
58,220211526529712128,"",1623622981196
59,305722154480304128,https://cdn.discordapp.com/attachments/803732747977228388/853808668634120222/Screenshot_2021-06-13-22-28-52.png,1623634545260
60,174950526700617729,"Contas criadas em sequ√™ncia e entraram sem avatar, depois mudou pra foto de menina padr√£o de self. (https://i.imgur.com/GYcrpl9.png / https://i.imgur.com/JXl6NuP.png / https://i.imgur.com/78mxfiX.png)",1623640395677
61,220211526529712128,"",1623670702545
62,305722154480304128,"bot de scam da steam (print corrompeu, discord cu)",1623674790761
63,323292851184336896,"Selfbots que foram denunciados hoje pela manh√£ la no Forever, aparentemente alguns s√£o um novo tipo de self que usa foto de desenho animado.
https://prnt.sc/15e09dg https://prnt.sc/15e0api",1623677510152
64,266656768715784192,"Self bot l√° no forever https://media.discordapp.net/attachments/780628273817714688/853990217807691846/unknown.png",1623681689848
65,581181264875487243,"",1623684185406
66,266656768715784192,"Bots de scamming (Provavelmente contas hackeadas)
https://prnt.sc/15edkpl https://prnt.sc/15edqgs https://prnt.sc/15edui2 https://prnt.sc/15edxjh",1623686004709
67,266656768715784192,"Encontrei esta hash l√° no Forever e tem v√°rios Bots com esse hash https://prnt.sc/15e27cp",1623692246256
68,266656768715784192,"Self bots la no forever (Repost, tinha 2 ids que n√£o eram)",1623701977866
69,361233527125311499,"Duas belas mo√ßas",1623703883201
70,581181264875487243,"",1623708197427
71,305722154480304128,"outro scambot
https://cdn.discordapp.com/attachments/803732747977228388/854116166641254460/unknown.png",1623713057334
72,305722154480304128,"olha os horarios de entrada",1623714402732
73,220211526529712128,"",1623714915026
74,174950526700617729,"Contas criadas em sequ√™ncia e ainda por cima com o nick do clan de selfs (https://i.imgur.com/8r8Sxup.png \ https://i.imgur.com/maoHLJU.png \ https://i.imgur.com/2SdfjWD.png)",1623725091190
75,407894878304075787,"",1623752307536
76,305722154480304128,https://cdn.discordapp.com/attachments/827172100832886804/854335926251028480/Screenshot_20210615-092446.jpg,1623765070581
77,361233527125311499,"selfbot ai
https://media.discordapp.net/attachments/715625316361437255/854331154287034378/unknown.png",1623766382334
78,407894878304075787,"selfbots com a mesma data de cria√ß√£o e foto de molheres üò≥",1623770135858
79,581181264875487243,"",1623771866785
80,220211526529712128,"",1623790786796
81,324730195863011328,https://images-ext-2.discordapp.net/external/ITL1OuDoQ3yhbJWOM1XJEcxhq5_hvWB3gCjHwPiFajA/%3Fsize%3D2048/https/cdn.discordapp.com/avatars/853753365850357771/1c497b17ac46a57aae7b75c9ac756c15.png,1623791000337
82,229025905014472705,"Selfs do driscord reportados pelo p4nic#4646 no <#802326681774850048>",1623791071271
83,305722154480304128,"S√≥ tem nome de self mesmo sendo uma imagem perturbadora",1623802541770
84,753688394499883070,"https://cdn.discordapp.com/attachments/754794624085655603/854520535795105812/unknown.png sb de bot scam",1623806063846
85,123170274651668480,"Apenas banindo contas que possuem o mesmo avatar e foram mostradas no susjoins
https://cdn.discordapp.com/attachments/513405772911345664/854737423556804608/DiscordCanary_qAFwO01mYE.png
https://cdn.discordapp.com/attachments/513405772911345664/854737422833942538/DiscordCanary_Px7mYNIJCw.png
https://cdn.discordapp.com/attachments/513405772911345664/854737421282836490/DiscordCanary_ifulVBm182.png
https://cdn.discordapp.com/attachments/513405772911345664/854737420259033128/DiscordCanary_wHPMM520kE.png",1623858592299
86,305722154480304128,"olhe as datas de entrada, todas entraram <15 segundos em varios servidores e todas com avatares de mulheres de *hype*",1623862798612
87,581181264875487243,"selfs que eu vi em um server de join p√∫blico",1623873012544
88,305722154480304128,"novamente <15 segundos em varios servidores",1623873087537
89,407894878304075787,"algumas contas entraram com nome e ingles e mudaram dps, todas criadas mais ou menos ao mesmo tempo",1623874218035
90,305722154480304128,"sus joins",1623879056419
91,305722154480304128,"sus joins",1623892384993
92,305722154480304128,"sus joins",1623895338366
93,174950526700617729,"Contas criadas no mesmo horario e fotos padrao (https://i.imgur.com/0VgJGWw.png)",1623897837797
94,220211526529712128,"",1623954019919
95,305722154480304128,susjoins,1623959907733
96,226700538069254144,"Selfbot que entrou no driscord Print1: https://prnt.sc/15r7fvf Print2: #https://prnt.sc/15r7iro (sim √© apenas um <a:porfavor_vanish:793841143854006322> )",1623981100948
97,305722154480304128,"selfbot bla bla bla https://cdn.discordapp.com/attachments/802326681774850048/855278521289801738/unknown.png",1623985841778
98,217793624690262016,"selfbots e divulga√ß√µes em privado banidos dia 08/06 la no orochi",1624012836055
99,226700538069254144,"Selfbot que entrou no driscord Print1: https://prnt.sc/15sq6gx Print2: #https://prnt.sc/15sqhb1",1624020433208
100,226700538069254144,"Selfbot, Print: https://prnt.sc/15sn7h0",1624020452295
101,407894878304075787,"selfbots com o nome loud ü§î",1624022270243
102,323292851184336896,"Alguns selfbots que entram hoje la no Forever <a:floppaTeeth:849638419885195324>
https://prnt.sc/15tl2nu | https://prnt.sc/15tl5kr",1624034381267
103,227198444190695424,"√öltimos selfbots que entraram no servidor do CidCidoso",1624047266949
104,266656768715784192,"Self Bots l√° no forever https://prnt.sc/15ue6iv",1624049765930
105,305722154480304128,https://media.discordapp.net/attachments/803732747977228388/855567436334366730/unknown-40.png,1624054940017
106,266656768715784192,"Self bots la no forever https://prnt.sc/15upot5",1624054946242
107,266656768715784192,"Hash dos avatares dos self bots acima",1624066279598
108,266656768715784192,"Self bots no forever https://prnt.sc/15vieoy",1624070368282
109,189515539872350209,"selfbot no d2br https://cdn.discordapp.com/attachments/743937730521726986/855840745206579270/am.png",1624121210904
110,220211526529712128,"",1624126832857
111,266656768715784192,"Self bots no forever https://prnt.sc/15yzmtg",1624135512498
112,266656768715784192,"Mais self bots l√° no forever https://prnt.sc/15z7xfi",1624138329853
113,266656768715784192,"Self bots no forever https://prnt.sc/15zbksf",1624141220505
114,266656768715784192,"Self bots no forever https://prnt.sc/15zsp57",1624147324062
115,266656768715784192,"Self bots l√° no forever https://prnt.sc/163jpya",1624216613525
116,174950526700617729,"Bot de divulga√ß√£o de links maliciosos ( https://i.imgur.com/qCXMKsm.png | https://i.imgur.com/A2tanxP.png | https://i.imgur.com/mBTJm6t.png | https://i.imgur.com/SftvGin.png | https://i.imgur.com/I7lhBSx.png)",1624218005949
117,540689360786292736,"Galerinha do mal üòé
https://media.discordapp.net/attachments/721180555370168395/856254633378447430/unknown-89.jpg
https://media.discordapp.net/attachments/721180555370168395/856254633584361482/Screenshot_20210620-152531.jpg",1624220373895
118,226700538069254144,"Provavel selfs que entraram no driscord e em outros servers (contas criadas no
mesmo dia/e entraram nos servers hj)",1624221371287
119,226700538069254144,"Mais selfs que acabaram de entrar (e ja foi <:dog:846812397264175134> )",1624223726399
120,323292851184336896,"Selfbots que entram la no forever, todos com a mesma data de cria√ß√£o
https://prnt.sc/16442nc",1624226494095
121,305722154480304128,https://cdn.discordapp.com/attachments/801560357533122563/856309479297384468/unknown.png,1624231608686
122,266656768715784192,"Self bots la no Forever https://prnt.sc/164nc4t",1624235691564
123,407894878304075787,"(prints de alguns como exemplo) https://media.discordapp.net/attachments/743232232847835266/856334121642098688/unknown.png?width=423&height=676 https://media.discordapp.net/attachments/743232232847835266/856334634047766528/unknown.png",1624237119854
124,217793624690262016,"selfbots e divulga√ß√µes em privado feitas por contas com pouco tempo de cria√ß√£o",1624244433671
125,407894878304075787,"selfbots que entraram com o nome em ingles e mesma data de cria√ß√£o https://media.discordapp.net/attachments/743232232847835266/856476881620303872/unknown.png?width=408&height=675 https://media.discordapp.net/attachments/743232232847835266/856476933507907604/unknown.png?width=504&height=676",1624278100145
126,361233527125311499,"3 desses entraram de uma vez
https://cdn.discordapp.com/attachments/705759230812094467/856486135031267379/unknown.png
https://cdn.discordapp.com/attachments/705759230812094467/856486164211171328/unknown.png",1624278337977
127,189515539872350209,"pequeno grupo de selfbots que entrou no d2br",1624283547891
128,407894878304075787,"https://media.discordapp.net/attachments/743232232847835266/856507755698192384/unknown.png?width=406&height=675 https://media.discordapp.net/attachments/743232232847835266/856507810845163540/unknown.png?width=421&height=676",1624284459152
129,361233527125311499,https://cdn.discordapp.com/attachments/705759230812094467/856536431903506462/unknown.png,1624286683809
130,361233527125311499,"https://cdn.discordapp.com/attachments/705759230812094467/856536981743206411/unknown.png
https://cdn.discordapp.com/attachments/705759230812094467/856536945072668702/unknown.png
https://cdn.discordapp.com/attachments/705759230812094467/856536878869381180/unknown.png
https://cdn.discordapp.com/attachments/705759230812094467/856536839979794484/unknown.png",1624286901302
131,361233527125311499,"esses dois meliantes entraram junto dos selfbots acima
https://cdn.discordapp.com/attachments/705759230812094467/856538507124146176/unknown.png",1624287485207
132,361233527125311499,"foram banidas 3 contas com esse avatar, seus ids ja foram reportados em uma das listas anteriores
https://cdn.discordapp.com/attachments/705759230812094467/856491366128812092/unknown.png
https://cdn.discordapp.com/attachments/705759230812094467/856550154176954458/unknown.png",1624291533783
133,361233527125311499,"https://cdn.discordapp.com/attachments/705759230812094467/856586591974588416/unknown.png
https://cdn.discordapp.com/attachments/705759230812094467/856586621407068211/unknown.png",1624298703884
134,266656768715784192,"Self bots l√° no forever https://media.discordapp.net/attachments/801560357533122563/856603369064759296/unknown.png?width=584&height=676",1624301511617
135,361233527125311499,6/?,1624304163545
136,361233527125311499,1/??,1624305031623
137,361233527125311499,4/?,1624305051463
138,361233527125311499,5/?,1624305059224
139,361233527125311499,7/?,1624305068410
140,361233527125311499,10/?,1624305080073
141,266656768715784192,"Self bots no forever https://media.discordapp.net/attachments/801560357533122563/856616866188886056/unknown.png?width=561&height=676",1624307683632
142,361233527125311499,"Sente a press√£o",1624308972170
143,361233527125311499,2/?,1624308994803
144,361233527125311499,3/?,1624308996595
145,556305590998138910,"alguns id's a√≠",1624309003631
146,361233527125311499,8/?,1624309007617
147,361233527125311499,16/?,1624309353577
148,361233527125311499,13/?,1624309357418
149,361233527125311499,9/?,1624309362727
150,361233527125311499,finalmente,1624310080013
151,361233527125311499,19/?,1624310092361
152,361233527125311499,18/?,1624310097944
153,361233527125311499,17/?,1624310102331
154,361233527125311499,21/?,1624311300488
155,266656768715784192,https://prnt.sc/168p7ct,1624314002411
156,361233527125311499,11/?,1624316874050
157,361233527125311499,12/?,1624316879413
158,361233527125311499,14/?,1624316884077
159,361233527125311499,20/?,1624316894124
160,361233527125311499,22/22,1624316897044
161,226700538069254144,https://cdn.discordapp.com/attachments/825476337090822164/856667981479411712/MaisSelfs.gif,1624319358374
162,361233527125311499,15/?,1624321939193
163,266656768715784192,"Self bots no forever https://prnt.sc/169dctb",1624335201272
164,361233527125311499,"sente a press√£o",1624336363703
165,361233527125311499,23/23,1624336374360
166,361233527125311499,"Apareceram quando eu reportei aqui
https://media.discordapp.net/attachments/817473134265237524/856884686947876914/Screenshot_20210622-101343.png",1624369559781
167,852978005362343957,https://media.discordapp.net/attachments/856889614556200980/856889668414996480/unknown.png,1624370577988
168,361233527125311499,"a manh√£ j√° come√ßa boa",1624371266645
169,361233527125311499,"com base no tempo de entrada/cria√ß√£o da conta",1624371277506
170,407894878304075787,"a maioria sao aqueles selfs q entram com nome em ingles e mesma data de cria√ßao",1624372321775
171,266656768715784192,https://prnt.sc/16bsgke,1624372844643
172,220211526529712128,"",1624372989419
173,323292851184336896,"Selfbots que entram agora pouco la no forever, todos com a mesma data de cria√ß√£o
https://prnt.sc/16c9sw2",1624378104570
174,361233527125311499,"entraram agora pouco no servidor meus animes & mang√°s",1624379658979
175,361233527125311499,"entraram agora pouco no meus animes",1624382266138
176,173550507330240513,"",1624397518865
177,226700538069254144,"Selfbot que entrou no driscord <:Sadcatzim2:856880243804471326>",1624408953905
178,407894878304075787,"selfbots que entraram hoje",1624411399213
179,266656768715784192,"Self bots https://prnt.sc/16e2vik",1624413878371
180,226700538069254144,"Varias contas criadas a 2 dias e que acabaram de entrar no servers <:vem_mlk:854154503590117417>
https://cdn.discordapp.com/attachments/825476337090822164/857078547293012008/Selfs2.0.gif",1624416537601
181,226700538069254144,"Selfbots que criaram contas a 6 dias e ta entrando no servidores <:PepeBan:843321342635278376>",1624418889439
182,407894878304075787,"selfbots da google ü§´  https://media.discordapp.net/attachments/743232232847835266/857077188792680458/unknown.png?width=316&height=676",1624418904747
183,174950526700617729,"Contas criadas no mesmo horario ( https://i.imgur.com/joVckpI.png )",1624441132190
184,174950526700617729,"Contas de selfs que entraram no Driscord by P4nic",1624441762722
185,361233527125311499,"entrou divulgando um link dessa p√°gina aqui
https://media.discordapp.net/attachments/794203572916584479/857217310561009704/Screenshot_20210623-081518.png",1624449678536
186,266656768715784192,"Self bots",1624450164495
187,226700538069254144,"Mais Selfbots que entraram nos servidores na madrugada e tem 6 dias de conta",1624457280123
188,266656768715784192,"Hashes de avatares https://prnt.sc/16g2k8f https://prnt.sc/16g2lj9 https://prnt.sc/16g2mkl",1624460578187
189,395788326835322882,"Famoso scam da steam que n√≥s j√° conhecemos <https://i.imgur.com/7dTAOtr.png>",1624460995973
190,361233527125311499,"entrou e saiu no mesmo instante e ainda aparece no servidor",1624461224953
191,361233527125311499,"cabei de pegar do sus join, alguns est√£o usando imagem de ator porn√¥",1624461239577
192,266656768715784192,https://media.discordapp.net/attachments/801560357533122563/857302670044692510/unknown.png,1624467942490
193,266656768715784192,"Lista de Hashes que fui juntando ao longo do tempo",1624470833634
194,227198444190695424,"Selfbots detectados pela equipe de modera√ß√£o nos √∫ltimos dias",1624474527332
195,266656768715784192,"Self bots https://prnt.sc/16hpis3",1624480844603
196,226700538069254144,"Mais alguns selfbots que entraram no driscord e outros servers recentemente",1624483179013
197,226700538069254144,"Mais alguns selfbots que entraram no driscord e outros servers recentemente <:vem_mlk:854154503590117417>",1624488097580
198,226700538069254144,"Mais alguns selfbots que entraram no driscord e outros servers recentemente <:vem_mlk:854154503590117417>
3.0",1624488637630
199,266656768715784192,"Self Bots https://prnt.sc/16ibief",1624489451816
200,692874812334407720,"selfbots que entraram l√° no dy hoje",1624495263381
201,324730195863011328,"",1624496883541
202,361233527125311499,"mesmo avatar
https://cdn.discordapp.com/attachments/730514356424671242/857441858086109204/unknown.png",1624501407904
203,407894878304075787,"selfbots que entraram hoje",1624501413327
204,361233527125311499,"tudo do susjoin",1624503136297
205,305722154480304128,"meus mods baniram e n me falaram",1624504847095
206,305722154480304128,"avatar conhecido com hash diferente",1624506574416
207,229025905014472705,"Self da Dream q os moderadores baniram e n me avisaram",1624521606741
208,361233527125311499,"fresquinhos
https://cdn.discordapp.com/attachments/705427042006728804/857581057816789022/unknown.png",1624541590159
209,361233527125311499,"primeiramente Bom dia, listinha direta do sus join",1624543982035
210,361233527125311499,"mais 2",1624543994858
211,361233527125311499,"mano esse susjoin ta foda",1624544004173
212,361233527125311499,"aew caraio cabou aqui, vou mandar umas hashes fiquem de olho",1624544011357
213,361233527125311499,"ja volto com mais",1624553317490
214,361233527125311499,Socorro,1624553321585
215,361233527125311499,"cara, t√£o entrando e trocando de nome e foto
https://cdn.discordapp.com/attachments/801560357533122563/857630197800501266/unknown.png
https://cdn.discordapp.com/attachments/801560357533122563/857630363497398302/unknown.png",1624553339359
216,361233527125311499,"Bora passar a faca nesses selfs",1624557314806
217,305722154480304128,https://cdn.discordapp.com/attachments/803732747977228388/857698345460170772/unknown.png,1624562247283
218,227198444190695424,"Selfbots de hoje e ontem no CidCidoso",1624575121961
219,226700538069254144,"Selfs com 29 dias de conta que entrou no driscord/outros servers",1624581502273
220,266656768715784192,https://prnt.sc/16nwk7q,1624582155617
221,305722154480304128,https://cdn.discordapp.com/attachments/681195767083565092/857787929321275402/unknown.png,1624583809788
222,407894878304075787,"selfbots que entraram hoje",1624585762141
223,361233527125311499,"1 avatar de girassol, 1 avatar de anime e o resto de mulher",1624586444163
224,226700538069254144,"Selfs com 29 dias de conta que entrou no driscord/outros servers 2.0",1624589573165
225,361233527125311499,"jaja tem hash fiquem de olho",1624591848614
226,227173841095491584,https://prnt.sc/16odw09,1624593939835
227,361233527125311499,"Oia come√ßou",1624619610551
228,361233527125311499,"selfbot com foto de pica pau",1624623289815
229,226700538069254144,"Selfs com 5/7 dias de contas que entraram no driscord/outros servers nessa
madrugada <:vem_mlk:854154503590117417>",1624627659373
230,361233527125311499,"acabaram de entrar no Meus animes",1624628810781
231,361233527125311499,"sente a press√£o",1624631318544
232,361233527125311499,"tem mais",1624631730646
233,361233527125311499,"ids de alguns que eu separei",1624635305594
234,217793624690262016,"selfbots banidos no orochi",1624644220117
235,226700538069254144,"Mais Selfs que entrou no drisc recentemente e com 9 dias de conta <:eita:842786888174665739>",1624654346127
236,220211526529712128,"",1624657080192
237,407894878304075787,"",1624672583892
238,361233527125311499,"Desenhos antigos, atores, will smith, ursinho poh e umas mulheres",1624673552422
239,361233527125311499,"hash chegando",1624677701743
240,361233527125311499,"mals, faltou uma",1624706906672
241,361233527125311499,"deem uma olhada com calma",1624724921939
242,361233527125311499,"boa tarde",1624735288959
243,407894878304075787,"selfbots com about me üòª  https://media.discordapp.net/attachments/647858418023006231/858751530018930718/Screenshot_364.png",1624815325250
244,361233527125311499,"opa boa tarde",1624820838985
245,288509996524634113,"Selfbot l√° no server da einebru https://media.discordapp.net/attachments/858742310011011112/858742351740534834/Screenshot_20210627-131110_Discord.jpg?width=236&height=498",1624824184155
246,227173841095491584,https://prnt.sc/175f20s,1624825243067
247,361233527125311499,"pode meter bala, tudo do sus join, contas com +- 30 dias e so com log de entrada nos servidores",1624826985684
248,361233527125311499,"n√£o √© a hash pq tem inocente no meio
https://cdn.discordapp.com/attachments/730514356424671242/858818267624112189/unknown.png",1624831262297
249,361233527125311499,"eu queria banir o jo√£o sem perna mas nn deixaram",1624833173154
250,407894878304075787,"selfbots com o nome mahara",1624834843727
251,361233527125311499,"era pra ser uma hash de triangulo psicodelico mas nhe",1624835292336
252,361233527125311499,"analizem com cuidado",1624848797640
253,361233527125311499,"mais um ambientalista
https://cdn.discordapp.com/attachments/817473134265237524/858819393222869012/unknown.png",1624849131122
254,361233527125311499,"mesma foto em todos e aparentemente todos est√£o no mesmo servidor
https://cdn.discordapp.com/avatars/819647412947779655/3963ea3cc5ae66ae3cf395785b03c11e.png",1624863075401
255,407894878304075787,"selfbots que entraram hoje",1624875180488
256,361233527125311499,"mesma foto em todas
https://cdn.discordapp.com/avatars/852216728829952020/d4381a85309504208bac8995e33125f5.png",1624875190642
257,361233527125311499,"todos com essa foto
https://cdn.discordapp.com/avatars/836691902605950988/1164214f6e064a8eee7902caaa3e2785.png",1624875193475
258,556305590998138910,"todos com **mahara** no nick",1624875196512
259,361233527125311499,"era pra ser uma hash de ponte",1624875202699
260,361233527125311499,"a data de cria√ß√£o tem um tempo de +- 1 dia de uma conta pra outra, fora que o google ta no meio
https://cdn.discordapp.com/attachments/730514356424671242/858813372313370624/unknown.png",1624875254317
261,361233527125311499,"era tudo cm essa foto
https://cdn.discordapp.com/avatars/841858664158986261/5d4457531fd42320b0ebab64e4227261.png",1624878338843
262,361233527125311499,"irei enviar 1 por vez para ficar mais facil de visualizar e nao bugar o txt",1624891196210
263,361233527125311499,"mesmo esquema do report anterior, +-1 dia entre cria√ß√£o da conta e google no meio
https://cdn.discordapp.com/attachments/730514356424671242/858814007078420530/unknown.png",1624891204221
264,361233527125311499,"mais uma de paisagem
https://cdn.discordapp.com/attachments/730514356424671242/858816823205429288/unknown.png",1624891210817
265,361233527125311499,"paisagem dnv
https://cdn.discordapp.com/attachments/817473134265237524/858818721669185586/unknown.png",1624891224235
266,361233527125311499,"selfbot bolinha de vidro
https://cdn.discordapp.com/attachments/817473134265237524/858821817422839848/unknown.png",1624891247085
267,361233527125311499,"wtf
https://cdn.discordapp.com/avatars/504798670932410378/0d50947b55ef2ede9ca965d7818117f3.png",1624893128835
268,361233527125311499,"uma de garota pra variar
https://cdn.discordapp.com/attachments/730514356424671242/858820442781384755/unknown.png",1624893670908
269,361233527125311499,"paisagem dnv
https://cdn.discordapp.com/avatars/847211408235167745/63146832414c45f163d648f90df07c68.png",1624932804802
270,361233527125311499,"paisagem
https://cdn.discordapp.com/avatars/841084525223608321/967e7f2314d217e03bfd11129eb036ec.png",1624932843433
271,361233527125311499,"paisagem
https://cdn.discordapp.com/avatars/836362174560731217/c15e8826731348dbffdd510ccd0a2025.png",1624932845409
272,361233527125311499,"foto de lobo agora
https://cdn.discordapp.com/attachments/730514356424671242/858828516166336532/unknown.png",1624932854380
273,361233527125311499,"diretamente do susjoin, ambas com mesma foto.
olhem as denuncias anteriores se possivel, tem algumas pendentes ainda",1624934358788
274,361233527125311499,"mano e foto de arara kkkkkkk
https://cdn.discordapp.com/avatars/847114405618384936/c063e944032fb45df23a93540a51d4a9.png",1624979825020
275,361233527125311499,"homem tocando fogo na lua, paisagem ???
https://cdn.discordapp.com/avatars/841833318864781322/261953b4c962ae824793c010833be405.png",1624979840480
276,123170274651668480,https://cdn.discordapp.com/attachments/297732013006389252/859454660237328394/unknown.png,1624984158176
277,288509996524634113,"selfbots de token grabber",1624990336809
278,852978005362343957,https://prnt.sc/17olk3u,1625071446678
279,214486492909666305,"spammou links de steam scam em todos os canais da f√°brica de noobs https://x.quem-leu-eh.gay/gmyG",1625336582935
280,214486492909666305,https://media.discordapp.net/attachments/547119872568459284/861221532957016064/Screenshot_20210704-132642_Discord-Canary.png,1625411720472
281,214486492909666305,https://media.discordapp.net/attachments/547119872568459284/861220978956435466/Screenshot_20210704-132424_Discord-Canary.png,1625411728903
282,324730195863011328,"ids selfbot",1625416326807
283,226700538069254144,"""Oi amor"" (quanto tempo que eu n√£o denunciava) https://cdn.discordapp.com/attachments/801560357533122563/861585188206411786/Screenshot_29.png",1625491238214
284,174950526700617729,"Scammer de steam accounts",1625505682821
285,704395086829715477,"",1625579150403
286,694704725563801660,"Selfbots que vieram encher o saco no server do flakes https://media.discordapp.net/attachments/697300577117274233/862443240623702046/SmartSelect_20210707-182045_Discord.jpg https://media.discordapp.net/attachments/697300577117274233/862401715290112010/unknown.png",1625694518749
287,694704725563801660,"Div link rouba steam https://media.discordapp.net/attachments/698665418239508492/862661854572183552/SmartSelect_20210708-084741_Discord.jpg",1625746853158
288,694704725563801660,"selfbot div novamente esse mesmo server! https://media.discordapp.net/attachments/862679349782380544/862683253764259850/Screenshot_20210708-101448.png",1625752587559
289,694704725563801660,"Mais uma, essa nem tentou disfar√ßar https://media.discordapp.net/attachments/716438720466911321/862688605792895006/Screenshot_20210708-103624_Discord.jpg",1625752664086
290,351760430991147010,https://prnt.sc/19hz6c9,1625754524710
291,704395086829715477,https://media.discordapp.net/attachments/862007559731806219/862707652604854293/Screenshot_20210708-114955_Discord.jpg?width=239&height=517,1625756428251
292,227198444190695424,"",1625769817891
293,173550507330240513,"",1625770208358
294,226700538069254144,"Selfbot Raid Scam (denuncia feito por Merlyn.) https://cdn.discordapp.com/attachments/802326681774850048/862769544844935178/unknown-124.png",1625771097106
295,556305590998138910,"scam https://media.discordapp.net/attachments/801560357533122563/862769254180585482/unknown-124.png",1625771650186
296,556305590998138910,"scam msm caso da denuncia se cima",1625772111003
297,556305590998138910,"scam ||deve ter alguns id's repetidos, todos os que foram banidos no Servidor do Oda||",1625772941504
298,556305590998138910,scam,1625784508648
299,173550507330240513,"",1625855036846
300,266656768715784192,https://prnt.sc/19shez2,1625855243119
301,272031079001620490,"acabei de banir do apartamento da loritta, colocando aqui j√° que tem avatar de mui√© e a conta √© de 1 m√™s",1625858043010
302,266656768715784192,"Self Bots https://prnt.sc/19ssket",1625858062247
303,694704725563801660,"link de scam steam https://media.discordapp.net/attachments/852663493328633866/863174240869941308/SmartSelect_20210709-184500_Discord.jpg",1625867494731
304,556305590998138910,"denuncia da P√£odemel <#802326681774850048>",1625867909630
305,694704725563801660,"self bot https://media.discordapp.net/attachments/863548359292616714/863549684114128916/SmartSelect_20210710-193702_Discord.jpg",1625957067919
306,540978435976069124,"Gerador de nitro https://media.discordapp.net/attachments/802326681774850048/863564368239394846/unknown.png",1625969746361
307,694704725563801660,"mais uma, essa at√© a foto √© inadequada mas ok... https://media.discordapp.net/attachments/626225031936212992/863607123531661312/unknown.png",1625978884060
308,694704725563801660,"2 lindos steam hacks https://media.discordapp.net/attachments/527288283747844096/864131743795904542/SmartSelect_20210712-100849_Discord.jpg https://media.discordapp.net/attachments/527288283747844096/864131743555518464/SmartSelect_20210712-100836_Discord.jpg",1626097780839
309,694704725563801660,"selfbots https://media.discordapp.net/attachments/864688524690587648/864688625302896674/unknown.png?width=1440&height=655 https://media.discordapp.net/attachments/864688548343316510/864688734250074142/unknown.png",1626229512573
310,852978005362343957,"Bom Dia https://prnt.sc/1b2mz6l",1626270915415
311,471493595321335809,"todos entraram consecutivamente e tem nome e foto de bots",1626272783107
312,361233527125311499,"tudo do fluxo das lolis",1626398153690
313,361233527125311499,"fluxo dnv",1626398411595
314,556305590998138910,"alguns que achei pelo susjoins",1626630325932
315,556305590998138910,"alguns avatares que tinham bastante selfbot",1626631385277
316,226700538069254144,"Selfbot que entrou no driscord : https://cdn.discordapp.com/attachments/866535648638795816/866535781933252698/Screenshot_20210719-012258_Discord.jpg",1626671732806
317,361233527125311499,"pegos por minha staff",1626697853325
318,226700538069254144,"Mais um selfbot que entrou no driscord, https://cdn.discordapp.com/attachments/863523110657458206/866697842492047380/Screenshot_2021-07-19-12-00-09-819_com.discord.jpg",1626707426932
319,226700538069254144,"Mais um selfbot https://cdn.discordapp.com/attachments/863523110657458206/866704635946205214/Screenshot_2021-07-19-12-34-42-072_com.discord.jpg",1626711797657
320,471493595321335809,"pegos pela staff e todos com nomes similares",1626731685042
321,361233527125311499,"pegos por minha staff",1626742768506
322,226700538069254144,"Bots que entraram no driscord (detalhe, eu n√£o sei se s√£o selfs, foram banidos
antes de fazerem qualquer a√ß√£o), esses mesmo bots, est√£o em alguns servers
<:pepe_wtf:846811523879927818>",1626877164646
323,226700538069254144,"Mais Bots que entraram na madrugada, dar uma olhada bem, pode ter algum membro que n√£o reparei, mas at√© onde eu sei √© tudo bot <:pitterZ:731263274120773743>",1626961408953
324,694704725563801660,"3 steam hacks https://media.discordapp.net/attachments/527288283747844096/867745343051792394/SmartSelect_20210722-092824_Discord.jpg https://media.discordapp.net/attachments/527288283747844096/867745325531529237/SmartSelect_20210722-092806_Discord.jpg https://media.discordapp.net/attachments/527288283747844096/867717533678174218/image0.png",1626961440466
325,694704725563801660,"id de steam scam (hj ta tenso) https://media.discordapp.net/attachments/527288283747844096/867760087548297226/SmartSelect_20210722-102723_Discord.jpg",1626962203065
326,227173841095491584,"selfbots que entraram no abbelha enviados pela <@!465359582945083402>",1626997871701
327,226700538069254144,"Selfbots que entraram/foram banidos do driscord (dar uma analisada, vai que
tem algum membro comum ai <:pepe_wtf:846811523879927818> )",1627051514134
328,123946959068332032,"Eu ia enviar os hashes de avatar mas por algum motivo alguns com a mesma imagem tinham hashes diferentes ||  https://prnt.sc/1et5di4 | https://prnt.sc/1et5di4 | https://prnt.sc/1et5r6i",1627054783533
329,226700538069254144,"Selfbots banidos do driscord e varias contas de 17 dias sem fotos/fotos iguais
entrando nos servers ao mesmo tempo...",1627062235543
330,226700538069254144,"Mais alguns selfs que entraram no driscord/outros servers",1627082710281
331,407894878304075787,"selfbots que entraram hj",1627084768441
332,361233527125311499,"diretamente do susjoin",1627094748284
333,361233527125311499,"estavam no meu servidor F",1627094984315
334,361233527125311499,"acabaram de entrar no meu sv",1627138354346
335,361233527125311499,https://cdn.discordapp.com/attachments/705427042006728804/868480158577852426/unknown.png,1627139606048
336,361233527125311499,"diretamente do susjoin",1627140489370
337,123170274651668480,"Conta hackeada/Scamming https://cdn.discordapp.com/attachments/646767521646510090/868533616349691964/unknown.png https://cdn.discordapp.com/attachments/646767521646510090/868533797619105812/unknown.png",1627145799861
338,226700538069254144,"2 selfbots e varias contas de 16 dias que entrou no driscord e de varios servers
(as contas de 16 dias, tem foto preta <:PepeCoffe:840425811180781578> ) https://cdn.discordapp.com/attachments/552845347307782144/868538226296651806/Screenshot_131.png",1627147000054
339,226700538069254144,"Mais alguns, pelo jeito eles entram com uma foto aleatoria, e depois bota foto
de garota <:PepeBruh:843321369633882123>",1627147905847
340,227198444190695424,"",1627172685828
341,226700538069254144,"Mais alguns que entraram no driscord/outros servers, (olhar direitinho, vai que # tem alguma pessoa comum que n√£o vi <:pepe_wtf:846811523879927818> )",1627213464636
342,123946959068332032,"Uns hashes que eu tinha juntado, talvez n√£o bana todos os bots (alguns avatares iguais tinham hash diferente ent√£o n√©)",1627259742488
343,361233527125311499,"pego por minha staff",1627269864660
344,361233527125311499,susjoin,1627270150529
345,226700538069254144,"Alguns Selfs pego pela minha staff e algumas que encontrei <:vem_mlk:854154503590117417>",1627309008186
346,226700538069254144,"Mais um <:fofim:852546501108301834>",1627309808252
347,226700538069254144,"Achei alguns russos selfbots aqui <:pepemedo:851519821501693982>",1627311251828
348,226700538069254144,"Achei mais escondido <:pepe_wtf:846811523879927818> (acabo se pa, s√≥ se entrarem mais, e talvez alguns
desses ja estavam banidos, mas achei alguns que ainda estavam em servidores, # ent√£o vai que n√©...)",1627311399127
349,266656768715784192,"Self bots no forever",1627312075584
350,226700538069254144,"Mais selfs, esperei entrar mais, mas s√≥ foram esses mesmo",1627318921290
351,361233527125311499,"entraram agr pouco no meus animes",1627320798999
352,361233527125311499,"mais 3 do susjoin",1627321239175
353,361233527125311499,"acabaram de entrar no meus animes",1627323741405
354,361233527125311499,"essa tava no susjoin",1627323748578
355,266656768715784192,"Self bot :v",1627323807478
356,361233527125311499,"um dos que eu mandei antes tinha pego cargo la, corrigindo aqui, s√£o s√≥ mais 2",1627324547422
357,361233527125311499,"mano hj ta foda",1627324897025
358,361233527125311499,"mais duas",1627325202916
359,704395086829715477,"Pra aproveitar a onda de hj, recebi essa denuncia faz tempo e esperei juntar, mas n recebi nada dps dela https://media.discordapp.net/attachments/829841097395667025/868166299174453278/unknown.png?width=1072&height=168",1627325456383
360,361233527125311499,"mais 2",1627325458798
361,361233527125311499,"mais 2
https://cdn.discordapp.com/attachments/705427042006728804/869292919545286707/unknown.png",1627326425645
